original,intermediate,back_translated,target_lang,success,category,similarity,original_words,back_words,word_change_pct,orig_punct,back_punct,punct_lost,meaning_status
gore mauled by aquatic mammal,水生哺乳類に襲われたゴア,Goa attacked by aquatic mammals,ja,True,sarcasm,80.0,5,5,0.0,0,0,0,partial_loss
gore mauled by aquatic mammal,जलीय स्तनपायी द्वारा क्षत-विक्षत,mauled by aquatic mammals,hi,True,sarcasm,88.89,5,4,-20.0,0,0,0,preserved
gore mauled by aquatic mammal,sang mutilé par un mammifère aquatique,blood mutilated by an aquatic mammal,fr,True,sarcasm,73.85,5,6,20.0,0,0,0,partial_loss
apple becomes first american company that should have paid trillion dollars in taxes,アップルは、1兆ドルもの税金を支払わなければならなかった最初のアメリカ企業となる,Apple becomes the first American company to have to pay $1 trillion in taxes,ja,True,sarcasm,81.25,13,14,7.69,0,0,0,partial_loss
apple becomes first american company that should have paid trillion dollars in taxes,Apple पहली अमेरिकी कंपनी बन गई है जिसने ट्रिलियन डॉलर टैक्स चुकाया होगा,Apple becomes the first American company to pay trillion dollar tax,hi,True,sarcasm,82.12,13,11,-15.38,0,0,0,partial_loss
apple becomes first american company that should have paid trillion dollars in taxes,Apple devient la première entreprise américaine qui aurait dû payer des milliards de dollars d'impôts,Apple becomes the first American company to have paid billions of dollars in taxes,fr,True,sarcasm,87.95,13,14,7.69,0,0,0,preserved
pep-rally skit rumored to involve cross-dressing principal,女装校長が関与していると噂される激励会寸劇,A pep rally skit rumored to involve a cross-dressing principal,ja,True,sarcasm,95.0,7,10,42.86,2,1,1,preserved
pep-rally skit rumored to involve cross-dressing principal,जोशपूर्ण रैली स्किट में क्रॉस-ड्रेसिंग प्रिंसिपल के शामिल होने की अफवाह थी,Passionate rally skit rumored to involve cross-dressing principal,hi,True,sarcasm,91.06,7,8,14.29,2,1,1,preserved
pep-rally skit rumored to involve cross-dressing principal,"Selon les rumeurs, un sketch d'encouragement impliquerait un directeur travesti",Cheer skit rumored to involve cross-dressing principal,fr,True,sarcasm,91.07,7,7,0.0,2,1,1,preserved
outfit just screams police officer,服装は警察官を叫ぶだけです,The outfit just screams police officer.,ja,True,sarcasm,93.15,5,6,20.0,0,0,0,preserved
outfit just screams police officer,la tenue fait juste crier au policier,the outfit just screams police,fr,True,sarcasm,81.25,5,5,0.0,0,0,0,partial_loss
parasites just getting the hang of how host does things,寄生虫は宿主のやり方をちょうど理解しているところだ,Parasites are just figuring out the ways of their hosts.,ja,True,sarcasm,64.86,10,10,0.0,0,0,0,partial_loss
parasites just getting the hang of how host does things,परजीवियों को बस यह समझ में आ जाता है कि मेज़बान काम कैसे करता है,Parasites simply understand how the host works,hi,True,sarcasm,51.49,10,7,-30.0,0,0,0,significant_loss
parasites just getting the hang of how host does things,les parasites comprennent juste comment l'hôte fait les choses,parasites just understand how the host does things,fr,True,sarcasm,74.29,10,8,-20.0,0,0,0,partial_loss
vilsack stays up all night with sick corn plant,ヴィルサックは病気のトウモロコシの植物と一緒に一晩中起きている,Vilsack stays up all night with sick corn plants,ja,True,sarcasm,98.95,9,9,0.0,0,0,0,preserved
vilsack stays up all night with sick corn plant,विल्सैक पूरी रात बीमार मक्के के पौधे के साथ जागता रहता है,Vilsack stays up all night tending sick corn plants,hi,True,sarcasm,89.8,9,9,0.0,0,0,0,preserved
vilsack stays up all night with sick corn plant,Vilsack reste éveillé toute la nuit avec un plant de maïs malade,Vilsack stays up all night with a sick corn plant,fr,True,sarcasm,97.92,9,10,11.11,0,0,0,preserved
justice department calls on ferguson to align level of institutional racism with rest of country,司法省はファーガソン氏に対し、制度上の人種差別のレベルを国内の他の地域と一致させるよう要請,Justice Department urges Ferguson to bring levels of systemic racism in line with other parts of the country,ja,True,sarcasm,72.55,15,18,20.0,0,0,0,partial_loss
justice department calls on ferguson to align level of institutional racism with rest of country,न्याय विभाग ने फर्ग्यूसन से देश के बाकी हिस्सों के साथ संस्थागत नस्लवाद के स्तर को संरेखित करने का आह्वान किया,Justice Department calls on Ferguson to align levels of institutional racism with the rest of the country,hi,True,sarcasm,95.52,15,17,13.33,0,0,0,preserved
justice department calls on ferguson to align level of institutional racism with rest of country,Le ministère de la Justice demande à Ferguson d'aligner le niveau de racisme institutionnel sur celui du reste du pays,Justice Department calls on Ferguson to bring level of institutional racism in line with rest of country,fr,True,sarcasm,93.0,15,17,13.33,0,0,0,preserved
man has mosquito on the run,男は蚊を飼っています,the man keeps a mosquito,ja,True,sarcasm,54.9,6,5,-16.67,0,0,0,significant_loss
man has mosquito on the run,आदमी के पास भागता हुआ मच्छर है,a mosquito running away from a man,hi,True,sarcasm,45.9,6,7,16.67,0,0,0,significant_loss
man has mosquito on the run,l'homme a un moustique en fuite,man has a mosquito on the run,fr,True,sarcasm,96.43,6,7,16.67,0,0,0,preserved
lone house with no halloween decorations by far spookiest in neighborhood,ハロウィーンの装飾のない一軒家は近所で最も不気味だ,A house without Halloween decorations is the creepiest in the neighborhood.,ja,True,sarcasm,78.38,11,11,0.0,0,0,0,partial_loss
lone house with no halloween decorations by far spookiest in neighborhood,"पड़ोस में अब तक का सबसे डरावना घर, जिसमें कोई हेलोवीन सजावट नहीं है",The scariest house ever in the neighborhood with no Halloween decorations,hi,True,sarcasm,50.68,11,11,0.0,0,0,0,significant_loss
lone house with no halloween decorations by far spookiest in neighborhood,maison isolée sans décorations d'Halloween et de loin la plus effrayante du quartier,isolated house without Halloween decorations and by far the scariest in the neighborhood,fr,True,sarcasm,80.75,11,13,18.18,0,0,0,partial_loss
area teen receives $2 from grandma,地域の十代がおばあちゃんから2ドルを受け取る,Local teen receives $2 from grandma,ja,True,sarcasm,89.86,6,6,0.0,0,0,0,preserved
area teen receives $2 from grandma,क्षेत्र के किशोर को दादी से $2 मिलते हैं,Area teen gets $2 from grandmother,hi,True,sarcasm,79.41,6,6,0.0,0,0,0,partial_loss
area teen receives $2 from grandma,un adolescent de la région reçoit 2 $ de grand-mère,local teenager receives $2 from grandma,fr,True,sarcasm,84.93,6,6,0.0,0,0,0,partial_loss
salad suppliers pledge to continue including just enough in bag that some will go bad if you're single,サラダの供給業者は、独身の場合傷む程度の量を袋に詰め続けることを約束する,Salad supplier promises to keep bagging enough food to spoil if single person,ja,True,sarcasm,56.98,18,13,-27.78,1,0,1,significant_loss
salad suppliers pledge to continue including just enough in bag that some will go bad if you're single,सलाद आपूर्तिकर्ता प्रतिज्ञा करते हैं कि वे बैग में इतना ही शामिल करते रहेंगे कि यदि आप अकेले हैं तो कुछ खराब हो जाएगा,Salad suppliers promise they'll include just enough in the bag just in case something goes bad if you're alone.,hi,True,sarcasm,71.36,18,19,5.56,1,2,-1,partial_loss
salad suppliers pledge to continue including just enough in bag that some will go bad if you're single,les fournisseurs de salades s'engagent à continuer d'en inclure juste assez dans leurs sacs pour que certaines se gâtent si vous êtes célibataire,salad purveyors pledge to continue including just enough in their bags so some will go bad if you're single,fr,True,sarcasm,89.0,18,19,5.56,1,1,0,preserved
trump outlines bold vision for nation's next mass protests,トランプ氏、国内の次の大規模抗議活動に向けた大胆なビジョンを概説,Trump outlines bold vision for the country's next major protests,ja,True,sarcasm,85.25,9,10,11.11,1,1,0,preserved
trump outlines bold vision for nation's next mass protests,ट्रम्प ने देश के अगले जन विरोध प्रदर्शन के लिए साहसिक दृष्टिकोण की रूपरेखा तैयार की,Trump outlines bold approach to the country's next mass protests,hi,True,sarcasm,72.13,9,10,11.11,1,1,0,partial_loss
trump outlines bold vision for nation's next mass protests,Trump présente une vision audacieuse pour les prochaines manifestations de masse dans le pays,Trump outlines bold vision for upcoming mass protests across the country,fr,True,sarcasm,70.77,9,11,22.22,1,0,1,partial_loss
thousands of students forced to attend iowa state after university sets acceptance rate to 140%,大学が合格率を140%に設定したため、数千人の学生がアイオワ州への進学を余儀なくされる,Thousands of students will be forced to attend Iowa State as university sets acceptance rate at 140%,ja,True,sarcasm,92.31,15,17,13.33,0,0,0,preserved
thousands of students forced to attend iowa state after university sets acceptance rate to 140%,विश्वविद्यालय द्वारा स्वीकृति दर 140% निर्धारित करने के बाद हजारों छात्रों को आयोवा राज्य में भाग लेने के लिए मजबूर होना पड़ा,Thousands of students forced to attend Iowa State after university set acceptance rate at 140%,hi,True,sarcasm,98.41,15,15,0.0,0,0,0,preserved
thousands of students forced to attend iowa state after university sets acceptance rate to 140%,des milliers d'étudiants sont contraints de fréquenter l'État de l'Iowa après que l'université a fixé le taux d'acceptation à 140 %,thousands of students forced to attend Iowa State after university sets acceptance rate at 140%,fr,True,sarcasm,98.95,15,15,0.0,0,0,0,preserved
pence tells emotional story of longtime friend who was aborted after second trimester,ペンス氏、妊娠中期後に中絶された長年の友人の感動的な話を語る,Pence shares moving story of longtime friend who had abortion after second trimester,ja,True,sarcasm,86.39,13,13,0.0,0,0,0,preserved
pence tells emotional story of longtime friend who was aborted after second trimester,पेंस अपने पुराने दोस्त की भावनात्मक कहानी बताते हैं जिसका दूसरी तिमाही के बाद गर्भपात हो गया था,Pence tells emotional story of his old friend who had an abortion after the second trimester,hi,True,sarcasm,83.62,13,16,23.08,0,0,0,partial_loss
pence tells emotional story of longtime friend who was aborted after second trimester,pence raconte l'histoire émouvante d'une amie de longue date qui a avorté après le deuxième trimestre,pence shares moving story of longtime friend who had an abortion after the second trimester,fr,True,sarcasm,82.95,13,15,15.38,0,0,0,partial_loss
disembodied voice in elevator wants to know way to san jose,エレベーター内での肉体のない声がサンノゼまでの道を知りたがっている,A disembodied voice in the elevator wants directions to San Jose.,ja,True,sarcasm,82.26,11,11,0.0,0,0,0,partial_loss
disembodied voice in elevator wants to know way to san jose,लिफ्ट में अशरीरी आवाज सैन जोस का रास्ता जानना चाहती है,Disembodied voice in elevator wants to know the way to San Jose,hi,True,sarcasm,96.72,11,12,9.09,0,0,0,preserved
disembodied voice in elevator wants to know way to san jose,une voix désincarnée dans l'ascenseur veut savoir comment se rendre à San José,a disembodied voice in the elevator wants to know how to get to San José,fr,True,sarcasm,85.5,11,15,36.36,0,0,0,preserved
outfit just screams police officer,संगठन सिर्फ पुलिस अधिकारी चिल्लाता है,Organization just screams police officer,hi,True,sarcasm,83.78,5,5,0.0,0,0,0,partial_loss
rookie usda agent vomits after seeing first rotten orange,USDAの新人職員、初めて腐ったオレンジを見て嘔吐,New USDA employee vomits after seeing rotten orange for the first time,ja,True,sarcasm,66.14,9,12,33.33,0,0,0,partial_loss
rookie usda agent vomits after seeing first rotten orange,पहला सड़ा हुआ संतरा देखने के बाद नौसिखिए यूएसडीए एजेंट को उल्टी हो गई,Rookie USDA agent vomited after seeing first rotten orange,hi,True,sarcasm,97.39,9,9,0.0,0,0,0,preserved
rookie usda agent vomits after seeing first rotten orange,Un agent recrue de l'USDa vomit après avoir vu la première orange pourrie,Rookie USDa Agent Vomits After Seeing First Rotten Orange,fr,True,sarcasm,100.0,9,9,0.0,0,0,0,preserved
area man's life comes to tragic middle,地域の男性の人生は悲劇のどん底に陥る,The life of a local man falls into the depths of tragedy.,ja,True,sarcasm,40.0,7,12,71.43,1,0,1,significant_loss
area man's life comes to tragic middle,क्षेत्र के व्यक्ति का जीवन दुखद मध्य में आ जाता है,The area man's life comes to a tragic halt,hi,True,sarcasm,82.5,7,9,28.57,1,1,0,partial_loss
area man's life comes to tragic middle,la vie d'un homme arrive à un milieu tragique,a man's life comes to a tragic middle,fr,True,sarcasm,93.33,7,8,14.29,1,1,0,preserved
bandai recalls lady gaga,バンダイがレディー・ガガを思い出す,Bandai remembers Lady Gaga,ja,True,sarcasm,80.0,4,4,0.0,0,0,0,partial_loss
bandai recalls lady gaga,बंदई ने लेडी गागा को याद किया,Bandai remembers Lady Gaga,hi,True,sarcasm,80.0,4,4,0.0,0,0,0,partial_loss
bandai recalls lady gaga,Bandai rappelle Lady Gaga,Bandai recalls Lady Gaga,fr,True,sarcasm,100.0,4,4,0.0,0,0,0,preserved
bill clinton waiting until after primaries to endorse candidate,ビル・クリントン氏、予備選後まで候補者支持を待つ,Bill Clinton waits to endorse candidate until after primaries,ja,True,sarcasm,64.52,9,9,0.0,0,0,0,partial_loss
bill clinton waiting until after primaries to endorse candidate,बिल क्लिंटन उम्मीदवार का समर्थन करने के लिए प्राइमरी के बाद तक प्रतीक्षा कर रहे हैं,Bill Clinton is waiting until after the primaries to endorse the candidate,hi,True,sarcasm,91.97,9,12,33.33,0,0,0,preserved
bill clinton waiting until after primaries to endorse candidate,Bill Clinton attend la fin des primaires pour soutenir son candidat,Bill Clinton waits until the end of the primaries to support his candidate,fr,True,sarcasm,78.83,9,13,44.44,0,0,0,partial_loss
'game of thrones' fans shocked after some little goblin or something killed off in last night's episode,昨夜のエピソードで小さなゴブリンか何かが殺され、「ゲーム・オブ・スローンズ」ファンはショックを受けた,'Game of Thrones' fans were shocked when a little goblin or something was killed in last night's episode,ja,True,sarcasm,86.96,17,18,5.88,3,3,0,preserved
'game of thrones' fans shocked after some little goblin or something killed off in last night's episode,'गेम ऑफ थ्रोन्स' के प्रशंसक कल रात के एपिसोड में कुछ छोटे भूत या किसी चीज़ के मारे जाने से सदमे में हैं,'Game of Thrones' fans are in shock after some little ghost or something got killed in last night's episode,hi,True,sarcasm,88.57,17,19,11.76,3,3,0,preserved
'game of thrones' fans shocked after some little goblin or something killed off in last night's episode,"Les fans de ""Game of Thrones"" sont choqués après la mort d'un petit gobelin ou de quelque chose dans l'épisode d'hier soir",'Game of Thrones' fans are shocked after a little goblin or something died in last night's episode,fr,True,sarcasm,91.54,17,17,0.0,3,3,0,preserved
playtex unveils new line of quick-dissolving tampons,プレイテックスが速溶性タンポンの新ラインを発表,Playtex launches new line of fast-dissolving tampons,ja,True,sarcasm,84.62,7,7,0.0,1,1,0,partial_loss
playtex unveils new line of quick-dissolving tampons,प्लेटेक्स ने जल्दी घुलने वाले टैम्पोन की नई श्रृंखला का अनावरण किया,Playtex unveils new line of quick-dissolving tampons,hi,True,sarcasm,100.0,7,7,0.0,1,1,0,preserved
playtex unveils new line of quick-dissolving tampons,Playtex dévoile une nouvelle gamme de tampons à dissolution rapide,Playtex unveils new range of fast-dissolving tampons,fr,True,sarcasm,86.54,7,7,0.0,1,1,0,preserved
disney begins uploading obama's consciousness to hall of presidents robot,ディズニーがオバマ大統領の意識を大統領ホールのロボットにアップロードし始める,Disney begins uploading President Obama's consciousness to robot in Hall of Presidents,ja,True,sarcasm,84.28,10,12,20.0,1,1,0,partial_loss
disney begins uploading obama's consciousness to hall of presidents robot,डिज़्नी ने ओबामा की चेतना को हॉल ऑफ़ प्रेसिडेंट्स रोबोट पर अपलोड करना शुरू किया,Disney begins uploading Obama's consciousness to the Hall of Presidents robot,hi,True,sarcasm,97.33,10,11,10.0,1,1,0,preserved
disney begins uploading obama's consciousness to hall of presidents robot,Disney commence à télécharger la conscience d'Obama sur le robot de la salle des présidents,Disney begins uploading Obama's consciousness to Hall of Presidents robot,fr,True,sarcasm,100.0,10,10,0.0,1,1,0,preserved
idea to see mario van peebles movie occurs to no one,マリオ・ヴァン・ピーブルズの映画を見ようという考えは誰も思いつかない,No one would think of watching a Mario Van Peebles movie.,ja,True,sarcasm,53.21,11,11,0.0,0,0,0,significant_loss
idea to see mario van peebles movie occurs to no one,मारियो वैन पीबल्स की फिल्म देखने का विचार किसी के मन में नहीं आता,Nobody's thinking about watching a Mario Van Peebles movie,hi,True,sarcasm,52.73,11,9,-18.18,0,1,-1,significant_loss
idea to see mario van peebles movie occurs to no one,L'idée de voir le film de Mario Van Peebles ne vient à l'esprit de personne,The idea of ​​seeing Mario Van Peebles' film never crosses anyone's mind,fr,True,sarcasm,61.29,11,12,9.09,0,2,-2,partial_loss
christopher plummer probably nailing it in 'king lear' somewhere,クリストファー・プラマーはおそらく「リア王」のどこかでそれを釘付けにしたでしょう,Christopher Plummer probably nailed it somewhere in 'King Lear',ja,True,sarcasm,80.31,9,9,0.0,2,2,0,partial_loss
christopher plummer probably nailing it in 'king lear' somewhere,क्रिस्टोफर प्लमर शायद इसे कहीं न कहीं 'किंग लियर' में पेश कर रहे हैं,Christopher Plummer is probably performing it somewhere in 'King Lear',hi,True,sarcasm,74.63,9,10,11.11,2,2,0,partial_loss
christopher plummer probably nailing it in 'king lear' somewhere,Christopher Plummer l'a probablement cloué quelque part dans 'King Lear',Christopher Plummer probably nailed it somewhere in 'King Lear',fr,True,sarcasm,80.31,9,9,0.0,2,2,0,partial_loss
"new legislation would shut down u.s. education system, give each american student $3,000 to start own small business","新しい法律は米国を閉鎖するだろう教育システム、アメリカの学生一人一人に小規模ビジネスを立ち上げるために 3,000 ドルを与える","New law would shut down US education system, give each American student $3,000 to start a small business",ja,True,sarcasm,92.73,18,18,0.0,0,0,0,preserved
"new legislation would shut down u.s. education system, give each american student $3,000 to start own small business","नया कानून हमें बंद कर देगा शिक्षा प्रणाली, प्रत्येक अमेरिकी छात्र को अपना छोटा व्यवसाय शुरू करने के लिए $3,000 दें","New law will shut down our education system, give every American student $3,000 to start their own small business",hi,True,sarcasm,85.59,18,19,5.56,0,0,0,preserved
"new legislation would shut down u.s. education system, give each american student $3,000 to start own small business","une nouvelle législation nous fermerait. système éducatif, donnez 3 000 $ à chaque étudiant américain pour démarrer sa propre petite entreprise","new legislation would shut us down. education system, give $3,000 to every American student to start their own small business",fr,True,sarcasm,84.65,18,20,11.11,0,0,0,partial_loss
dan fogelberg fails to soothe area lite 108 listener,ダン・フォーゲルバーグはエリアライト108のリスナーをなだめることができなかった,Dan Fogelberg couldn't appease Area Light 108 listeners,ja,True,sarcasm,72.9,9,8,-11.11,0,1,-1,partial_loss
dan fogelberg fails to soothe area lite 108 listener,डैन फोगेलबर्ग क्षेत्र लाइट 108 श्रोता को शांत करने में विफल रहे,Dan Fogelberg fails to placate Area Light 108 listener,hi,True,sarcasm,88.68,9,9,0.0,0,0,0,preserved
dan fogelberg fails to soothe area lite 108 listener,Dan Fogelberg ne parvient pas à apaiser l'auditeur de Area Lite 108,Dan Fogelberg fails to appease Area Lite 108 listener,fr,True,sarcasm,91.43,9,9,0.0,0,0,0,preserved
limited-edition russet potato comes with certificate of authenticity,限定版ラセットポテトには証明書が付属します,Limited Edition Russet Potatoes come with a certificate of authenticity,ja,True,sarcasm,94.96,8,10,25.0,1,0,1,preserved
limited-edition russet potato comes with certificate of authenticity,सीमित-संस्करण रसेट आलू प्रामाणिकता प्रमाणपत्र के साथ आता है,Limited-edition Russet potatoes come with a certificate of authenticity,hi,True,sarcasm,96.4,8,9,12.5,1,1,0,preserved
limited-edition russet potato comes with certificate of authenticity,pomme de terre rousse en édition limitée livrée avec un certificat d'authenticité,limited edition red potato delivered with a certificate of authenticity,fr,True,sarcasm,84.89,8,10,25.0,1,0,1,partial_loss
trump claims waterboarding doesn't come close to the excruciating torment he experiences at every moment,トランプ大統領、水責めは自分が常に経験する耐え難い苦痛には及ばないと主張,President Trump says waterboarding doesn't come close to the excruciating pain he regularly experiences,ja,True,sarcasm,75.36,15,14,-6.67,1,1,0,partial_loss
trump claims waterboarding doesn't come close to the excruciating torment he experiences at every moment,ट्रम्प का दावा है कि वॉटरबोर्डिंग उस कष्टदायी पीड़ा के करीब नहीं है जो वह हर पल अनुभव करते हैं,Trump claims waterboarding doesn't come close to the excruciating pain he experiences every moment,hi,True,sarcasm,94.06,15,14,-6.67,1,1,0,preserved
trump claims waterboarding doesn't come close to the excruciating torment he experiences at every moment,Trump affirme que la simulation de noyade n'est pas comparable aux tourments atroces qu'il subit à chaque instant,Trump says simulated drowning is no comparison to the excruciating torment he endures every moment,fr,True,sarcasm,72.28,15,15,0.0,1,0,1,partial_loss
"closeted soldiers getting in last clandestine rendezvous before 'don't ask, don't tell' repealed",「尋ねるな、言わない」が廃止される前に、最後の密会に参加する密室の兵士たち,"Soldiers behind closed doors participate in one last secret meeting before ""Don't Ask, Don't Tell"" is repealed",ja,True,sarcasm,62.14,13,17,30.77,4,4,0,partial_loss
"closeted soldiers getting in last clandestine rendezvous before 'don't ask, don't tell' repealed","'मत पूछो, मत बताओ' निरस्त होने से पहले बंद सैनिकों की अंतिम गुप्त मुलाकात में शामिल होना","Attending the last secret meeting of captive soldiers before 'Don't Ask, Don't Tell' was repealed.",hi,True,sarcasm,55.67,13,15,15.38,4,4,0,significant_loss
"closeted soldiers getting in last clandestine rendezvous before 'don't ask, don't tell' repealed","les soldats enfermés se rendent au dernier rendez-vous clandestin avant l'abrogation de la formule « ne demandez pas, ne dites pas »","Locked-up soldiers go to last clandestine meeting before 'don't ask, don't tell' is repealed",fr,True,sarcasm,80.85,13,14,7.69,4,5,-1,partial_loss
glitch in country allows citizens to temporarily walk through tables,国の不具合により、国民がテーブルの間を一時的に通り抜けられるようになる,Country glitch allows citizens to temporarily pass between tables,ja,True,sarcasm,70.68,10,9,-10.0,0,0,0,partial_loss
glitch in country allows citizens to temporarily walk through tables,देश में गड़बड़ी नागरिकों को अस्थायी रूप से टेबल के माध्यम से चलने की अनुमति देती है,Disturbances in the country allow citizens to temporarily walk through tables,hi,True,sarcasm,88.28,10,11,10.0,0,0,0,preserved
glitch in country allows citizens to temporarily walk through tables,un problème dans le pays permet aux citoyens de parcourir temporairement les tables,a glitch in the country allows citizens to temporarily browse tables,fr,True,sarcasm,85.29,10,11,10.0,0,0,0,preserved
gus van sant prepares shot-for-shot teen wolf remake,ガス・ヴァン・サント、『ティーン・ウルフ』のリメイク版を準備中,Gus Van Sant is preparing a remake of 'Teen Wolf',ja,True,sarcasm,65.35,8,10,25.0,2,2,0,partial_loss
gus van sant prepares shot-for-shot teen wolf remake,गस वैन सैंट शॉट-फॉर-शॉट टीन वुल्फ रीमेक तैयार कर रहे हैं,Gus Van Sant is preparing a shot-for-shot Teen Wolf remake,hi,True,sarcasm,90.91,8,10,25.0,2,2,0,preserved
gus van sant prepares shot-for-shot teen wolf remake,Gus Van Sant prépare un remake plan pour plan de Teen Wolf,Gus Van Sant is preparing a shot-for-shot remake of Teen Wolf,fr,True,sarcasm,76.11,8,11,37.5,2,2,0,partial_loss
students excited to see slate of notable speakers who will be disinvited to campus this year,学生たちは、今年キャンパスに招待されない著名な講演者の予定を見て興奮している,Students are excited to see the schedule of prominent speakers who will not be invited to campus this year,ja,True,sarcasm,82.83,16,19,18.75,0,0,0,partial_loss
students excited to see slate of notable speakers who will be disinvited to campus this year,छात्र उन उल्लेखनीय वक्ताओं की सूची देखने के लिए उत्साहित हैं जिन्हें इस वर्ष परिसर में आमंत्रित नहीं किया जाएगा,Students are excited to see the list of notable speakers who will not be invited to campus this year,hi,True,sarcasm,89.58,16,19,18.75,0,0,0,preserved
students excited to see slate of notable speakers who will be disinvited to campus this year,les étudiants sont ravis de voir une liste d'orateurs notables qui ne seront pas invités sur le campus cette année,students are excited to see a list of notable speakers who will not be invited to campus this year,fr,True,sarcasm,90.53,16,19,18.75,0,0,0,preserved
shelter dog eating own shit not exactly doing itself any favors,保護犬が自分のうんこを食べるのは、自分自身に何の恩恵も与えていない,"When a rescue dog eats his own poop, he's not doing himself any favors.",ja,True,sarcasm,67.16,11,14,27.27,0,1,-1,partial_loss
shelter dog eating own shit not exactly doing itself any favors,आश्रय कुत्ता अपनी ही गंदगी खा रहा है और वास्तव में खुद पर कोई उपकार नहीं कर रहा है,Shelter dog eating his own shit and really not doing himself any favors,hi,True,sarcasm,80.6,11,13,18.18,0,0,0,partial_loss
shelter dog eating own shit not exactly doing itself any favors,un chien de refuge mange sa propre merde et ne se rend pas vraiment service,shelter dog eats his own poop and doesn't really do himself any favors,fr,True,sarcasm,70.68,11,13,18.18,0,1,-1,partial_loss
sarah huckabee sanders strongly rebukes implication she doesn't lock own children in cages,サラ・ハッカビー・サンダース、自分の子供たちを檻に閉じ込めていないことを示唆すると強く非難,Sarah Huckabee Sanders slammed for suggesting she doesn't keep her children in cages,ja,True,sarcasm,68.97,13,13,0.0,1,1,0,partial_loss
sarah huckabee sanders strongly rebukes implication she doesn't lock own children in cages,सारा हकाबी सैंडर्स ने कड़ी फटकार लगाते हुए कहा कि वह अपने बच्चों को पिंजरे में बंद नहीं करतीं,"Sarah Huckabee Sanders lashes out, says she doesn't keep her kids in cages",hi,True,sarcasm,67.07,13,13,0.0,1,1,0,partial_loss
sarah huckabee sanders strongly rebukes implication she doesn't lock own children in cages,Sarah Huckabee Sanders réprimande fermement l'implication selon laquelle elle n'enferme pas ses propres enfants dans des cages,Sarah Huckabee Sanders strongly rebukes implication she doesn't lock her own children in cages,fr,True,sarcasm,97.83,13,14,7.69,1,1,0,preserved
report: purchasing items from onion store most important way to either stop or help donald trump,レポート: ドナルド・トランプを止めるか助けるための最も重要な方法はオニオン・ストアからの商品購入です,Report: The most important way to stop or help Donald Trump is to buy from The Onion Store,ja,True,sarcasm,62.37,16,18,12.5,1,1,0,partial_loss
report: purchasing items from onion store most important way to either stop or help donald trump,रिपोर्ट: डोनाल्ड ट्रंप को रोकने या मदद करने का सबसे महत्वपूर्ण तरीका प्याज की दुकान से सामान खरीदना,Report: The most important way to stop or help Donald Trump is to buy goods from Onion Store,hi,True,sarcasm,61.7,16,18,12.5,1,1,0,partial_loss
report: purchasing items from onion store most important way to either stop or help donald trump,"rapport : acheter des articles dans un magasin d'oignons, le moyen le plus important d'arrêter ou d'aider Donald Trump",Report: Buying Items From An Onion Store The Most Important Way To Stop Or Help Donald Trump,fr,True,sarcasm,88.3,16,17,6.25,1,1,0,preserved
unattractive man not fooling anyone by dressing well,魅力のない男は着飾っても誰もだまさない,An unattractive man won't fool anyone even if he dresses up.,ja,True,sarcasm,69.64,8,11,37.5,0,1,-1,partial_loss
unattractive man not fooling anyone by dressing well,अनाकर्षक आदमी अच्छे कपड़े पहनकर किसी को बेवकूफ नहीं बनाता,An unattractive man doesn't fool anyone by wearing nice clothes.,hi,True,sarcasm,72.41,8,10,25.0,0,1,-1,partial_loss
unattractive man not fooling anyone by dressing well,homme peu attrayant qui ne trompe personne en s'habillant bien,unattractive man who fools no one by dressing well,fr,True,sarcasm,88.24,8,9,12.5,0,0,0,preserved
republicans' 'diversity through imported africans' plan criticized,共和党の「輸入アフリカ人による多様性」計画が批判される,Republican Party's 'imported African diversity' plan criticized,ja,True,sarcasm,72.87,7,7,0.0,3,3,0,partial_loss
republicans' 'diversity through imported africans' plan criticized,रिपब्लिकन की 'आयातित अफ्रीकियों के माध्यम से विविधता' योजना की आलोचना की गई,Republicans' 'diversification through imported Africans' plan criticized,hi,True,sarcasm,94.2,7,7,0.0,3,3,0,preserved
republicans' 'diversity through imported africans' plan criticized,Le plan des Républicains sur la « diversité grâce aux Africains importés » critiqué,Republican plan on “diversity thanks to imported Africans” criticized,fr,True,sarcasm,78.52,7,9,28.57,3,0,3,partial_loss
trump called up for vietnam service after last of draft deferments expires,トランプ氏、最後の徴兵猶予期限切れ後、ベトナム勤務に招集,Trump called up to serve in Vietnam after last draft deferment expires,ja,True,sarcasm,84.72,12,12,0.0,0,0,0,partial_loss
trump called up for vietnam service after last of draft deferments expires,अंतिम मसौदा स्थगन समाप्त होने के बाद ट्रम्प ने वियतनाम सेवा के लिए बुलाया,Trump called for Vietnam service after final draft moratorium expires,hi,True,sarcasm,79.72,12,10,-16.67,0,0,0,partial_loss
trump called up for vietnam service after last of draft deferments expires,Trump appelé au service du Vietnam après l'expiration du dernier ajournement du projet,Trump called to Vietnam duty after final draft deferment expires,fr,True,sarcasm,79.71,12,10,-16.67,0,0,0,partial_loss
bannon's cyst finally ruptures,バノン嚢胞がついに破裂,Bannon's cyst finally ruptures,ja,True,sarcasm,100.0,4,4,0.0,1,1,0,preserved
bannon's cyst finally ruptures,बैनन की पुटी अंततः फट गई,Bannon's cyst finally bursts,hi,True,sarcasm,86.21,4,4,0.0,1,1,0,preserved
bannon's cyst finally ruptures,le kyste de Bannon finit par se rompre,Bannon's cyst eventually ruptures,fr,True,sarcasm,88.89,4,4,0.0,1,1,0,preserved
neighborhood has gotten a lot safer since mayor vanquished fire troll,市長がファイアトロールを退治して以来、近所はずっと安全になった,The neighborhood has become much safer since the mayor got rid of the fire troll.,ja,True,sarcasm,70.67,11,15,36.36,0,0,0,partial_loss
neighborhood has gotten a lot safer since mayor vanquished fire troll,मेयर द्वारा फायर ट्रॉल पर काबू पाने के बाद से पड़ोस काफी सुरक्षित हो गया है,The neighborhood has become much safer since the mayor took control of the fire troll,hi,True,sarcasm,68.83,11,15,36.36,0,0,0,partial_loss
neighborhood has gotten a lot safer since mayor vanquished fire troll,le quartier est devenu beaucoup plus sûr depuis que le maire a vaincu le troll du feu,the neighborhood has become much safer since the mayor defeated the fire troll,fr,True,sarcasm,72.11,11,13,18.18,0,0,0,partial_loss
"Thank you. It doesn't sound so bad, at least on paper.",ありがとう。少なくとも紙の上では、それほど悪くはないようです。,"thank you. At least on paper, it doesn't seem too bad.",ja,True,emotional,53.7,11,11,0.0,1,1,0,significant_loss
"Thank you. It doesn't sound so bad, at least on paper.","धन्यवाद। यह उतना बुरा नहीं लगता, कम से कम कागज़ पर।","Thank you. It doesn't sound that bad, at least on paper.",hi,True,emotional,94.55,11,11,0.0,1,1,0,preserved
"Thank you. It doesn't sound so bad, at least on paper.","Merci. Cela n’a pas l’air si mal, du moins sur le papier.","THANKS. It doesn't sound so bad, at least on paper.",fr,True,emotional,95.24,11,10,-9.09,1,1,0,preserved
"That sucks, I hope you find the finances to be able to go back to it someday.",残念ですね、いつか元に戻れる経済力が見つかるといいですね。,"It's a shame, but I hope someday I can find the financial strength to go back to normal.",ja,True,emotional,60.61,17,18,5.88,0,1,-1,partial_loss
"That sucks, I hope you find the finances to be able to go back to it someday.","यह बेकार है, मुझे आशा है कि आप किसी दिन इस पर वापस जाने में सक्षम होने के लिए वित्त पा लेंगे।","It sucks, I hope you find the finances to be able to go back to it someday.",hi,True,emotional,97.37,17,17,0.0,0,0,0,preserved
"That sucks, I hope you find the finances to be able to go back to it someday.","C'est nul, j'espère que vous trouverez les finances pour pouvoir y retourner un jour.","It sucks, I hope you find the finances to be able to go back one day.",fr,True,emotional,90.41,17,16,-5.88,0,0,0,preserved
[NAME] saw it during the football game and was super impressed!,[NAME] さんはフットボールの試合中にそれを見て、とても感動しました。,[NAME] saw it during a football game and was very impressed.,ja,True,emotional,91.06,11,11,0.0,1,0,1,preserved
[NAME] saw it during the football game and was super impressed!,[नाम] ने फुटबॉल खेल के दौरान इसे देखा और बहुत प्रभावित हुए!,[Name] saw it during the football game and was very impressed!,hi,True,emotional,96.0,11,11,0.0,1,1,0,preserved
[NAME] saw it during the football game and was super impressed!,[NOM] l'a vu pendant le match de football et a été très impressionné !,[NAME] saw it during the football game and was very impressed!,fr,True,emotional,96.0,11,11,0.0,1,1,0,preserved
"Not all [NAME] supporters are tankies, but all tankies are [NAME] supporters",すべての [NAME] サポーターがタンキーであるわけではありませんが、すべてのタンキーが [NAME] サポーターです,"Not all [NAME] supporters are tankies, but all tankies are [NAME] supporters",ja,True,emotional,100.0,12,12,0.0,0,0,0,preserved
"Not all [NAME] supporters are tankies, but all tankies are [NAME] supporters","सभी [नाम] समर्थक टैंकी नहीं हैं, लेकिन सभी टैंकी [नाम] समर्थक हैं","Not all [name] supporters are tanky, but all tanky [name] supporters are",hi,True,emotional,89.19,12,12,0.0,0,0,0,preserved
"Not all [NAME] supporters are tankies, but all tankies are [NAME] supporters","Tous les supporters de [NOM] ne sont pas des tankistes, mais tous les tankistes sont des supporters de [NOM]","Not all [NAME] supporters are tankers, but all tankers are [NAME] supporters",fr,True,emotional,97.37,12,12,0.0,0,0,0,preserved
Oooh I haven't heard of that one. I'll look around.,ああ、それは聞いたことがない。周りを見回してみます。,"Oh, I've never heard of that. I'll look around.",ja,True,emotional,81.63,10,9,-10.0,2,2,0,partial_loss
Oooh I haven't heard of that one. I'll look around.,"ओह, मैंने उसके बारे में नहीं सुना है। मैं चारों ओर देखूंगा.","Oh, I haven't heard of that. I will look around.",hi,True,emotional,88.89,10,10,0.0,2,1,1,preserved
Oooh I haven't heard of that one. I'll look around.,"Oooh, je n'ai pas entendu parler de celui-là. Je vais regarder autour de moi.","Oooh, I haven't heard of that one. I'll look around me.",fr,True,emotional,96.23,10,11,10.0,2,2,0,preserved
Ok what deal would you like to see made?,OK、どのような取引を希望しますか?,"OK, what kind of deal would you like?",ja,True,emotional,72.73,9,8,-11.11,1,1,0,partial_loss
Ok what deal would you like to see made?,ठीक है आप कौन सा सौदा देखना चाहेंगे?,Okay which deal would you like to see?,hi,True,emotional,84.62,9,8,-11.11,1,1,0,partial_loss
Ok what deal would you like to see made?,"Ok, quel accord aimeriez-vous voir conclu ?","Ok, what deal would you like to see made?",fr,True,emotional,98.77,9,9,0.0,1,1,0,preserved
That was nasty... but also the most real thing I’ve seen on the show lately.. lol,あれはひどいものでした...でも、最近この番組で見た中で最も現実的なものでもありました...(笑),That was terrible...but it was also the most realistic thing I've seen on this show in a while...lol,ja,True,emotional,76.24,16,18,12.5,0,1,-1,partial_loss
That was nasty... but also the most real thing I’ve seen on the show lately.. lol,वह बुरा था... लेकिन सबसे वास्तविक चीज़ भी जो मैंने हाल ही में शो में देखी है.. हाहाहा,That was bad... but also the most realistic thing I've seen on the show recently.. hahaha,hi,True,emotional,82.35,16,16,0.0,0,1,-1,partial_loss
That was nasty... but also the most real thing I’ve seen on the show lately.. lol,C'était méchant... mais aussi la chose la plus réelle que j'ai vue dans la série ces derniers temps... mdr,It was nasty... but also the realest thing I've seen on the show lately... lol,fr,True,emotional,90.57,16,15,-6.25,0,1,-1,preserved
There was a weirdly similar post to this on LegalAdviceUK maybe a couple of days back.,おそらく数日前に、これと奇妙に似た投稿が LegalAdviceUK にありました。,"There was a post on LegalAdviceUK that was strangely similar to this, probably a few days ago.",ja,True,emotional,54.44,16,17,6.25,0,0,0,significant_loss
There was a weirdly similar post to this on LegalAdviceUK maybe a couple of days back.,शायद कुछ दिन पहले लीगलएडवाइसयूके पर इससे मिलती-जुलती एक अजीब पोस्ट थी।,There was a strange post perhaps similar to this on LegalAdviceUK a few days ago.,hi,True,emotional,70.66,16,15,-6.25,0,0,0,partial_loss
There was a weirdly similar post to this on LegalAdviceUK maybe a couple of days back.,Il y a eu un article étrangement similaire à celui-ci sur LegalAdviceUK il y a peut-être quelques jours.,There was an article eerily similar to this on LegalAdviceUK perhaps a few days ago.,fr,True,emotional,74.12,16,15,-6.25,0,0,0,partial_loss
YOU BLEEPING NEED ME! YOU CAN'T MAKE THIS SUB GREAT WITHOUT ME!,泣いているあなたには私が必要なのです！私なしではこのサブを素晴らしいものにすることはできません!,You need me when you cry! This sub wouldn't be great without me!,ja,True,emotional,69.29,12,13,8.33,3,3,0,partial_loss
YOU BLEEPING NEED ME! YOU CAN'T MAKE THIS SUB GREAT WITHOUT ME!,तुम्हें मेरी ज़रूरत है! मेरे बिना आप इस सब को महान नहीं बना सकते!,You need me! You can't make it all this great without me!,hi,True,emotional,83.33,12,12,0.0,3,3,0,partial_loss
YOU BLEEPING NEED ME! YOU CAN'T MAKE THIS SUB GREAT WITHOUT ME!,VOUS AVEZ BESOIN DE MOI ! VOUS NE POUVEZ PAS RENDRE CE SUB GRAND SANS MOI !,YOU NEED ME! YOU CAN'T MAKE THIS SUB BIG WITHOUT ME!,fr,True,emotional,86.96,12,11,-8.33,3,3,0,preserved
"haha I didnt remember that Rampage was there live commentating for that one, good stuff. ",はは、ランペイジがあの試合の生解説をしていたとは覚えていませんでした、それは良かったです。,"Haha, I didn't remember Rampage doing live commentary for that match, that was good.",ja,True,emotional,70.93,15,14,-6.67,0,1,-1,partial_loss
"haha I didnt remember that Rampage was there live commentating for that one, good stuff. ","हाहा मुझे याद नहीं आया कि रैम्पेज वहां लाइव कमेंट्री कर रहा था, अच्छी बात है।","Haha I didn't remember Rampage being there doing live commentary, good point.",hi,True,emotional,72.73,15,12,-20.0,0,1,-1,partial_loss
"haha I didnt remember that Rampage was there live commentating for that one, good stuff. ","haha, je ne me souvenais pas que Rampage était là pour commenter en direct celui-là, c'est une bonne chose.","haha, I didn't remember Rampage being there to do live commentary on that one, that's a good thing.",fr,True,emotional,73.8,15,18,20.0,0,2,-2,partial_loss
Ik was more curious with our communities opinion,私はコミュニティの意見にもっと興味がありました,I was more interested in community opinion,ja,True,emotional,66.67,8,7,-12.5,0,0,0,partial_loss
Ik was more curious with our communities opinion,मैं हमारे समुदायों की राय को लेकर अधिक उत्सुक था,I was more curious about the opinions of our communities,hi,True,emotional,71.15,8,10,25.0,0,0,0,partial_loss
Ik was more curious with our communities opinion,Ik était plus curieux de connaître l'opinion de nos communautés,Ik was more curious to know the opinion of our communities,fr,True,emotional,73.58,8,11,37.5,0,0,0,partial_loss
I'm curious to see what his answer will be,彼の答えがどうなるか知りたい,I want to know what his answer will be.,ja,True,emotional,74.07,9,9,0.0,1,0,1,partial_loss
I'm curious to see what his answer will be,मैं यह देखने को उत्सुक हूं कि उसका उत्तर क्या होगा,I'm curious to see what his answer will be,hi,True,emotional,100.0,9,9,0.0,1,1,0,preserved
I'm curious to see what his answer will be,Je suis curieux de voir quelle sera sa réponse,I'm curious to see what his response will be.,fr,True,emotional,89.66,9,9,0.0,1,1,0,preserved
"Thank you for your thoughtful, insight-filled post, which makes so many valid points.",多くの有効な点を指摘した、思慮深く洞察に満ちた投稿に感謝します。,Thank you for a thoughtful and insightful post that makes many valid points.,ja,True,emotional,83.23,13,13,0.0,1,0,1,partial_loss
"Thank you for your thoughtful, insight-filled post, which makes so many valid points.","आपकी विचारशील, अंतर्दृष्टि से भरी पोस्ट के लिए धन्यवाद, जो इतने सारे वैध बिंदु प्रस्तुत करती है।","Thank you for your thoughtful, insightful post, which makes so many valid points.",hi,True,emotional,96.39,13,13,0.0,1,0,1,preserved
"Thank you for your thoughtful, insight-filled post, which makes so many valid points.","Merci pour votre message réfléchi et rempli de perspicacité, qui fait valoir tant de points valables.","Thank you for your thoughtful and insightful post, which makes so many valid points.",fr,True,emotional,93.49,13,14,7.69,1,0,1,preserved
There's an Arby's/Long John Silvers near where I live. I'm glad they don't cross menu items.,私が住んでいる場所の近くにアービーズ/ロング・ジョン・シルバーズがあります。メニュー項目をまたがないのが嬉しいです。,There is an Arby's/Long John Silver's near where I live. I like that it doesn't cross menu items.,ja,True,emotional,88.89,16,18,12.5,4,3,1,preserved
There's an Arby's/Long John Silvers near where I live. I'm glad they don't cross menu items.,जहां मैं रहता हूं उसके निकट एक आर्बी/लॉन्ग जॉन सिल्वर है। मुझे खुशी है कि वे मेनू आइटम को पार नहीं करते हैं।,There is an Arby's/Long John Silver's near where I live. I'm glad they don't cross out menu items.,hi,True,emotional,95.79,16,18,12.5,4,4,0,preserved
There's an Arby's/Long John Silvers near where I live. I'm glad they don't cross menu items.,Il y a un Arby's/Long John Silvers près de chez moi. Je suis heureux qu'ils ne croisent pas les éléments de menu.,There is an Arby's/Long John Silvers near me. I'm glad they don't cross menu items.,fr,True,emotional,91.43,16,15,-6.25,4,3,1,preserved
I wonder can they basejump to the bottom.,彼らは一番下までベースジャンプできるだろうか。,Can they BASE jump to the bottom?,ja,True,emotional,83.78,8,7,-12.5,0,1,-1,partial_loss
I wonder can they basejump to the bottom.,मुझे आश्चर्य है कि क्या वे नीचे तक बेसजंप कर सकते हैं।,I wonder if they can basejump to the bottom.,hi,True,emotional,89.41,8,9,12.5,0,0,0,preserved
I wonder can they basejump to the bottom.,Je me demande s'ils peuvent faire un basejump jusqu'en bas.,I wonder if they can basejump all the way down.,fr,True,emotional,70.45,8,10,25.0,0,0,0,partial_loss
"I can't do it anymore today, I'm out. ",今日はもう無理、外出です。,"I can't do it today, so I'm going out.",ja,True,emotional,77.33,8,9,12.5,2,2,0,partial_loss
"I can't do it anymore today, I'm out. ","मैं आज यह और नहीं कर सकता, मैं बाहर हूं।","I can't do this anymore today, I'm out.",hi,True,emotional,94.74,8,8,0.0,2,2,0,preserved
"I can't do it anymore today, I'm out. ","Je n’en peux plus aujourd’hui, je suis absent.","I can't take it anymore today, I'm away.",fr,True,emotional,83.12,8,8,0.0,2,2,0,partial_loss
This reminds me of suits. (Currently about to start season four.),これを見るとスーツを思い出します。 （現在シーズン4が始まろうとしています。）,This reminds me of suits. (Season 4 is about to start.),ja,True,emotional,76.67,11,11,0.0,2,2,0,partial_loss
This reminds me of suits. (Currently about to start season four.),यह मुझे सूट की याद दिलाता है. (वर्तमान में सीज़न चार शुरू होने वाला है।),It reminds me of a suit. (Season four is currently set to begin production.),hi,True,emotional,51.06,11,14,27.27,2,2,0,significant_loss
This reminds me of suits. (Currently about to start season four.),Cela me rappelle les costumes. (Actuellement sur le point de commencer la saison quatre.),It reminds me of costumes. (Currently about to start season four.),fr,True,emotional,91.6,11,11,0.0,2,2,0,preserved
An intranet typically uses the Internet Protocol and IP-based tools such as web browsers and file transfer applications.,イントラネットは通常、インターネット プロトコルと、Web ブラウザやファイル転送アプリケーションなどの IP ベースのツールを使用します。,Intranets typically use Internet protocols and IP-based tools such as web browsers and file transfer applications.,ja,True,technical,95.73,18,16,-11.11,1,1,0,preserved
An intranet typically uses the Internet Protocol and IP-based tools such as web browsers and file transfer applications.,एक इंट्रानेट आमतौर पर इंटरनेट प्रोटोकॉल और आईपी-आधारित टूल जैसे वेब ब्राउज़र और फ़ाइल ट्रांसफर एप्लिकेशन का उपयोग करता है।,An intranet typically uses Internet protocols and IP-based tools such as web browsers and file transfer applications.,hi,True,technical,97.89,18,17,-5.56,1,1,0,preserved
An intranet typically uses the Internet Protocol and IP-based tools such as web browsers and file transfer applications.,Un intranet utilise généralement le protocole Internet et des outils basés sur IP tels que des navigateurs Web et des applications de transfert de fichiers.,An intranet typically uses Internet Protocol and IP-based tools such as web browsers and file transfer applications.,fr,True,technical,98.31,18,17,-5.56,1,1,0,preserved
"Intranets do not have to be connected to the Internet, but generally have a limited connection.",イントラネットはインターネットに接続する必要はありませんが、通常は接続が制限されています。,"Intranets do not need to be connected to the Internet, but connectivity is usually limited.",ja,True,technical,76.34,16,15,-6.25,0,0,0,partial_loss
"Intranets do not have to be connected to the Internet, but generally have a limited connection.","इंट्रानेट को इंटरनेट से कनेक्ट करने की आवश्यकता नहीं है, लेकिन आम तौर पर इसका कनेक्शन सीमित होता है।","An intranet does not need to be connected to the Internet, but generally has limited connectivity.",hi,True,technical,88.08,16,16,0.0,0,0,0,preserved
"Intranets do not have to be connected to the Internet, but generally have a limited connection.","Les intranets ne nécessitent pas nécessairement d’être connectés à Internet, mais disposent généralement d’une connexion limitée.","Intranets do not necessarily require connection to the Internet, but generally have a limited connection.",fr,True,technical,86.0,16,15,-6.25,0,0,0,preserved
"In Ethernet networks, each NIC has a unique Media Access Control (MAC) address—usually stored in the controller's permanent memory.",イーサネット ネットワークでは、各 NIC に一意のメディア アクセス コントロール (MAC) アドレスがあり、通常はコントローラの永続メモリに保存されます。,"In an Ethernet network, each NIC has a unique Media Access Control (MAC) address, typically stored in the controller's persistent memory.",ja,True,technical,91.79,19,21,10.53,3,3,0,preserved
"In Ethernet networks, each NIC has a unique Media Access Control (MAC) address—usually stored in the controller's permanent memory.","ईथरनेट नेटवर्क में, प्रत्येक एनआईसी का एक अद्वितीय मीडिया एक्सेस कंट्रोल (मैक) पता होता है - जो आमतौर पर नियंत्रक की स्थायी मेमोरी में संग्रहीत होता है।","In Ethernet networks, each NIC has a unique media access control (MAC) address—usually stored in the permanent memory of the controller.",hi,True,technical,88.39,19,21,10.53,3,2,1,preserved
"In Ethernet networks, each NIC has a unique Media Access Control (MAC) address—usually stored in the controller's permanent memory.","Dans les réseaux Ethernet, chaque carte réseau possède une adresse MAC (Media Access Control) unique, généralement stockée dans la mémoire permanente du contrôleur.","In Ethernet networks, each network card has a unique Media Access Control (MAC) address, usually stored in the controller's permanent memory.",fr,True,technical,94.85,19,21,10.53,3,3,0,preserved
"This process is often called logical database design, and the output is a logical data model expressed in the form of a schema.",このプロセスは論理データベース設計と呼ばれることが多く、出力はスキーマの形式で表現された論理データ モデルです。,"This process is often referred to as logical database design, and the output is a logical data model expressed in the form of a schema.",ja,True,technical,93.89,23,25,8.7,0,0,0,preserved
"This process is often called logical database design, and the output is a logical data model expressed in the form of a schema.","इस प्रक्रिया को अक्सर तार्किक डेटाबेस डिज़ाइन कहा जाता है, और आउटपुट एक स्कीमा के रूप में व्यक्त एक तार्किक डेटा मॉडल है।","This process is often called logical database design, and the output is a logical data model expressed as a schema.",hi,True,technical,93.39,23,20,-13.04,0,0,0,preserved
"This process is often called logical database design, and the output is a logical data model expressed in the form of a schema.",Ce processus est souvent appelé conception logique de base de données et le résultat est un modèle de données logique exprimé sous la forme d’un schéma.,This process is often called logical database design and the result is a logical data model expressed as a schema.,fr,True,technical,89.63,23,20,-13.04,0,0,0,preserved
"English is more flexible than several other languages in which ""cryptology"" (done by cryptologists) is always used in the second sense above.",英語は、「暗号学」（暗号学者によって行われる）が常に上記の 2 番目の意味で使用される他のいくつかの言語よりも柔軟性があります。,"English is more flexible than some other languages ​​where ""cryptology"" (as done by cryptographers) is always used in the second sense above.",ja,True,technical,88.65,22,22,0.0,4,4,0,preserved
"English is more flexible than several other languages in which ""cryptology"" (done by cryptologists) is always used in the second sense above.","अंग्रेजी कई अन्य भाषाओं की तुलना में अधिक लचीली है जिसमें ""क्रिप्टोलॉजी"" (क्रिप्टोलॉजिस्ट द्वारा किया गया) हमेशा उपरोक्त दूसरे अर्थ में उपयोग किया जाता है।","English is more flexible than many other languages ​​in that ""cryptology"" (done by cryptologists) is always used in the second sense above.",hi,True,technical,93.57,22,22,0.0,4,4,0,preserved
"English is more flexible than several other languages in which ""cryptology"" (done by cryptologists) is always used in the second sense above.",L'anglais est plus flexible que plusieurs autres langues dans lesquelles la « cryptologie » (effectuée par des cryptologues) est toujours utilisée dans le deuxième sens ci-dessus.,"English is more flexible than several other languages ​​in which ""cryptology"" (performed by cryptologists) is always used in the second sense above.",fr,True,technical,95.5,22,22,0.0,4,4,0,preserved
"IBM also had its own DBMS in 1966, known as Information Management System (IMS).",IBM も 1966 年に、情報管理システム (IMS) として知られる独自の DBMS を開発しました。,"IBM also developed its own DBMS in 1966, known as Information Management System (IMS).",ja,True,technical,93.98,14,14,0.0,2,2,0,preserved
"IBM also had its own DBMS in 1966, known as Information Management System (IMS).","1966 में IBM का अपना DBMS भी था, जिसे सूचना प्रबंधन प्रणाली (IMS) के नाम से जाना जाता है।","IBM also had its own DBMS in 1966, known as the Information Management System (IMS).",hi,True,technical,97.56,14,15,7.14,2,2,0,preserved
"IBM also had its own DBMS in 1966, known as Information Management System (IMS).","IBM possédait également son propre SGBD en 1966, connu sous le nom de système de gestion de l'information (IMS).","IBM also had its own DBMS in 1966, known as the Information Management System (IMS).",fr,True,technical,97.56,14,15,7.14,2,2,0,preserved
"Standalone debuggers like GDB are also used, and these often provide less of a visual environment, usually using a command line.",GDB のようなスタンドアロン デバッガも使用されますが、これらは多くの場合、視覚的な環境をあまり提供せず、通常はコマンド ラインを使用します。,"Standalone debuggers like GDB are also used, but these often do not provide much of a visual environment and typically use the command line.",ja,True,technical,84.33,21,24,14.29,0,0,0,partial_loss
"Standalone debuggers like GDB are also used, and these often provide less of a visual environment, usually using a command line.","जीडीबी जैसे स्टैंडअलोन डिबगर्स का भी उपयोग किया जाता है, और ये अक्सर कमांड लाइन का उपयोग करके कम दृश्य वातावरण प्रदान करते हैं।","Standalone debuggers such as GDB are also used, and these often provide a less visual environment than using the command line.",hi,True,technical,87.4,21,21,0.0,0,0,0,preserved
"Standalone debuggers like GDB are also used, and these often provide less of a visual environment, usually using a command line.","Des débogueurs autonomes comme GDB sont également utilisés, et ceux-ci fournissent souvent un environnement moins visuel, utilisant généralement une ligne de commande.","Standalone debuggers like GDB are also used, and these often provide a less visual environment, usually using a command line.",fr,True,technical,97.23,21,20,-4.76,0,0,0,preserved
Algorithms are used as specifications for performing calculations and data processing.,アルゴリズムは、計算やデータ処理を実行するための仕様として使用されます。,Algorithms are used as specifications for performing calculations and data processing.,ja,True,technical,100.0,11,11,0.0,0,0,0,preserved
Algorithms are used as specifications for performing calculations and data processing.,एल्गोरिदम का उपयोग गणना करने और डेटा प्रोसेसिंग के लिए विशिष्टताओं के रूप में किया जाता है।,Algorithms are used as specifications for performing calculations and processing data.,hi,True,technical,94.19,11,11,0.0,0,0,0,preserved
Algorithms are used as specifications for performing calculations and data processing.,Les algorithmes sont utilisés comme spécifications pour effectuer des calculs et le traitement des données.,Algorithms are used as specifications to perform calculations and data processing.,fr,True,technical,96.43,11,11,0.0,0,0,0,preserved
"A document-oriented database is designed for storing, retrieving, and managing document-oriented, or semi structured, information.",ドキュメント指向データベースは、ドキュメント指向または半構造化された情報を保存、取得、管理するために設計されています。,"Document-oriented databases are designed to store, retrieve, and manage document-oriented or semi-structured information.",ja,True,technical,89.24,15,13,-13.33,2,3,-1,preserved
"A document-oriented database is designed for storing, retrieving, and managing document-oriented, or semi structured, information.","दस्तावेज़-उन्मुख डेटाबेस को दस्तावेज़-उन्मुख, या अर्ध संरचित, जानकारी को संग्रहीत करने, पुनर्प्राप्त करने और प्रबंधित करने के लिए डिज़ाइन किया गया है।","Document-oriented databases are designed to store, retrieve, and manage document-oriented, or semi-structured, information.",hi,True,technical,90.12,15,13,-13.33,2,3,-1,preserved
"A document-oriented database is designed for storing, retrieving, and managing document-oriented, or semi structured, information.","Une base de données orientée document est conçue pour stocker, récupérer et gérer des informations orientées document ou semi-structurées.","A document-oriented database is designed to store, retrieve, and manage document-oriented or semi-structured information.",fr,True,technical,92.43,15,14,-6.67,2,3,-1,preserved
"In 1950, he proposed the Turing test, which measures the ability of a machine to simulate human conversation.",1950 年に、彼は人間の会話をシミュレートする機械の能力を測定するチューリング テストを提案しました。,"In 1950, he proposed the Turing test to measure a machine's ability to simulate human conversation.",ja,True,technical,83.65,18,16,-11.11,0,1,-1,partial_loss
"In 1950, he proposed the Turing test, which measures the ability of a machine to simulate human conversation.","1950 में, उन्होंने ट्यूरिंग परीक्षण का प्रस्ताव रखा, जो मानव वार्तालाप का अनुकरण करने के लिए एक मशीन की क्षमता को मापता है।","In 1950, he proposed the Turing test, which measures a machine's ability to simulate human conversation.",hi,True,technical,88.26,18,16,-11.11,0,1,-1,preserved
"In 1950, he proposed the Turing test, which measures the ability of a machine to simulate human conversation.","En 1950, il propose le test de Turing, qui mesure la capacité d’une machine à simuler une conversation humaine.","In 1950, he proposed the Turing test, which measures the ability of a machine to simulate human conversation.",fr,True,technical,100.0,18,18,0.0,0,0,0,preserved
Twisted pair cabling is used for wired Ethernet and other standards.,ツイストペアケーブルは、有線イーサネットおよびその他の標準に使用されます。,Twisted pair cable is used for wired Ethernet and other standards.,ja,True,technical,97.01,11,11,0.0,0,0,0,preserved
Twisted pair cabling is used for wired Ethernet and other standards.,मुड़ जोड़ी केबलिंग का उपयोग वायर्ड ईथरनेट और अन्य मानकों के लिए किया जाता है।,Twisted pair cabling is used for wired Ethernet and other standards.,hi,True,technical,100.0,11,11,0.0,0,0,0,preserved
Twisted pair cabling is used for wired Ethernet and other standards.,Le câblage à paire torsadée est utilisé pour Ethernet filaire et d'autres normes.,Twisted pair cabling is used for wired Ethernet and other standards.,fr,True,technical,100.0,11,11,0.0,0,0,0,preserved
In 1977 the RSA algorithm was published in Martin Gardner's Scientific American column.,1977 年に、RSA アルゴリズムは Martin Gardner の Scientific American コラムに掲載されました。,"In 1977, the RSA algorithm was published in Martin Gardner's Scientific American column.",ja,True,technical,99.43,13,13,0.0,1,1,0,preserved
In 1977 the RSA algorithm was published in Martin Gardner's Scientific American column.,1977 में आरएसए एल्गोरिदम मार्टिन गार्डनर के साइंटिफिक अमेरिकन कॉलम में प्रकाशित हुआ था।,In 1977 the RSA algorithm was published in Martin Gardner's Scientific American column.,hi,True,technical,100.0,13,13,0.0,1,1,0,preserved
In 1977 the RSA algorithm was published in Martin Gardner's Scientific American column.,"En 1977, l'algorithme RSA a été publié dans la chronique Scientific American de Martin Gardner.","In 1977, the RSA algorithm was published in Martin Gardner's Scientific American column.",fr,True,technical,99.43,13,13,0.0,1,1,0,preserved
"The ""AI winter"", a period when obtaining funding for AI projects was difficult, followed.",AIプロジェクトへの資金調達が困難な「AIの冬」が続いた。,"The ""AI winter"" continued, making it difficult to raise funds for AI projects.",ja,True,technical,51.5,14,13,-7.14,2,2,0,significant_loss
"The ""AI winter"", a period when obtaining funding for AI projects was difficult, followed.","""एआई विंटर"", एक ऐसा दौर आया जब एआई परियोजनाओं के लिए धन प्राप्त करना कठिन था।","""AI Winter"", a period when it was difficult to obtain funding for AI projects.",hi,True,technical,69.46,14,14,0.0,2,2,0,partial_loss
"The ""AI winter"", a period when obtaining funding for AI projects was difficult, followed.","S’ensuit « l’hiver de l’IA », une période où l’obtention de financements pour des projets d’IA est difficile.","What follows is “AI winter,” a period when obtaining funding for AI projects is difficult.",fr,True,technical,81.56,14,15,7.14,2,0,2,partial_loss
